Order Date,Customer ID,Segment,Region,Category,Product Name,Sales,Quantity,Discount,Profit
2022-05-30 05:14:32.945891784,CUST-2,Corporate,Central,Furniture,Product-70,299.8938163339551,7,0.0,79.4347280696552
2023-09-29 08:56:45.210420840,CUST-27,Consumer,East,Technology,Product-46,980.1706260652621,7,0.5,88.04946978496355
2023-05-25 02:21:24.168336672,CUST-42,Corporate,West,Office Supplies,Product-43,605.8627737399589,1,0.5,108.83132655356047
2023-01-30 23:45:34.268537072,CUST-2,Consumer,East,Technology,Product-21,586.598431625174,4,0.0,229.58160207232453
2022-06-05 01:41:00.120240480,CUST-26,Corporate,South,Office Supplies,Product-23,750.5924476352368,2,0.2,100.32248455094614
2022-04-14 20:49:32.344689378,CUST-17,Consumer,West,Technology,Product-80,813.6520902092362,2,0.5,279.7145727656262
2022-10-03 00:43:17.194388776,CUST-40,Consumer,East,Office Supplies,Product-47,659.9138212581876,2,0.1,132.03732350824137
2022-01-30 06:12:15.871743487,CUST-33,Consumer,East,Furniture,Product-15,136.81478890253803,4,0.0,-19.24105986051862
2022-05-30 05:14:32.945891784,CUST-9,Corporate,Central,Office Supplies,Product-25,344.8848309345534,1,0.1,302.69192911784825
2022-06-27 00:20:12.024048096,CUST-43,Corporate,East,Technology,Product-36,928.8028039227893,4,0.1,78.5912460667177
2023-11-13 17:21:45.811623248,CUST-48,Corporate,West,Technology,Product-75,232.36945572541342,2,0.2,144.7450958196682
2022-11-10 01:35:13.827655308,CUST-39,Consumer,West,Office Supplies,Product-51,378.4453535991382,5,0.1,258.4497474498557
2023-04-28 18:22:21.883767536,CUST-29,Corporate,Central,Furniture,Product-15,437.75611411475404,3,0.2,99.60527071692042
2023-11-02 00:28:51.462925848,CUST-42,Corporate,West,Furniture,Product-68,445.01093979750766,8,0.5,-24.53645473397797
2022-05-08 06:35:21.042084168,CUST-26,Consumer,South,Office Supplies,Product-21,616.8101866695803,4,0.0,118.2644711557661
2023-06-29 05:00:07.214428856,CUST-35,Home Office,West,Office Supplies,Product-13,943.6450793672606,1,0.1,375.00186221243655
2022-05-25 19:54:42.565130260,CUST-25,Consumer,West,Technology,Product-86,248.2857847141799,1,0.0,238.7804787843512
2023-06-10 04:34:08.897795592,CUST-24,Corporate,East,Furniture,Product-19,130.28636253790887,3,0.1,252.1656169002431
2022-08-09 21:38:35.831663324,CUST-13,Consumer,East,Office Supplies,Product-34,205.49578496133793,9,0.0,234.5269691369379
2022-07-10 04:19:43.166332664,CUST-7,Home Office,West,Furniture,Product-78,888.0556512071768,7,0.1,39.546462531746556
2022-08-06 23:25:22.244488976,CUST-36,Consumer,Central,Office Supplies,Product-68,649.3527045286539,2,0.1,138.25023884602606
2023-03-27 13:56:52.424849696,CUST-45,Corporate,East,Office Supplies,Product-52,293.0477213467685,9,0.1,287.92290926349324
2023-01-11 23:19:35.951903808,CUST-20,Home Office,Central,Furniture,Product-27,817.7874695789311,2,0.1,-4.382196101078385
2023-05-17 18:48:20.200400800,CUST-1,Corporate,West,Office Supplies,Product-29,862.7562963998016,3,0.1,75.03374924037051
2023-12-20 07:07:05.651302600,CUST-8,Home Office,West,Office Supplies,Product-28,848.0491953033752,2,0.1,74.34359880963413
2023-08-28 04:31:15.751503000,CUST-46,Home Office,South,Technology,Product-35,919.7372683031589,3,0.1,144.4085174175277
2023-03-05 15:17:40.521042080,CUST-16,Consumer,East,Office Supplies,Product-8,259.718609971628,6,0.1,391.1659334239833
2023-07-18 05:26:05.531062120,CUST-14,Consumer,West,Office Supplies,Product-16,757.4915094588155,9,0.1,-19.623853992280125
2022-10-07 10:03:07.575150300,CUST-12,Corporate,South,Office Supplies,Product-36,465.9341023013986,9,0.0,183.41544747126775
2023-10-11 01:49:39.559118232,CUST-23,Consumer,East,Technology,Product-30,843.5785673611609,7,0.2,30.714106905494702
2023-02-08 18:25:15.030060120,CUST-15,Consumer,West,Furniture,Product-18,731.205770389997,3,0.1,386.80444543438483
2022-08-23 01:38:06.973947896,CUST-28,Home Office,West,Technology,Product-2,778.6829720347274,4,0.2,0.9865771273588919
2023-11-03 11:35:28.256513024,CUST-34,Consumer,East,Technology,Product-49,659.6002193042608,6,0.1,131.62045106271606
2023-04-03 21:29:56.392785568,CUST-2,Home Office,East,Furniture,Product-77,185.6544817750098,5,0.1,282.0482431755728
2022-01-31 17:18:52.665330661,CUST-32,Home Office,East,Technology,Product-4,549.576649707969,2,0.0,267.0494926123504
2023-01-04 15:46:31.983967936,CUST-23,Home Office,West,Furniture,Product-90,984.8230421292632,6,0.5,140.2278866022695
2022-12-10 18:54:06.492985972,CUST-22,Corporate,West,Technology,Product-89,938.0141858321477,3,0.5,105.9358755787232
2023-05-19 05:54:56.993987976,CUST-25,Corporate,South,Furniture,Product-94,52.74199843904155,8,0.0,128.92557034879175
2022-03-12 05:17:26.092184368,CUST-22,Corporate,Central,Office Supplies,Product-75,173.16666757214276,2,0.2,68.92431842138768
2023-11-25 10:14:40.160320640,CUST-22,Home Office,East,Technology,Product-7,140.4114857200163,1,0.5,42.39982241805991
2022-03-26 20:23:34.028056112,CUST-49,Corporate,West,Technology,Product-95,728.7201108854425,9,0.0,167.3678639015005
2022-09-05 05:37:38.116232464,CUST-42,Corporate,West,Technology,Product-74,819.6074765583757,3,0.0,70.84019023042329
2023-11-26 21:21:16.953907816,CUST-6,Consumer,East,Technology,Product-39,221.3762526475652,1,0.5,79.35774920376255
2022-10-01 13:36:40.400801604,CUST-15,Corporate,Central,Office Supplies,Product-13,510.7941660223107,7,0.2,245.54022856355067
2023-11-09 08:01:55.430861720,CUST-43,Corporate,East,Technology,Product-31,842.295997731088,5,0.0,385.8417992649515
2023-01-30 23:45:34.268537072,CUST-37,Home Office,Central,Office Supplies,Product-71,735.4735293185881,5,0.1,221.63674025171878
2022-10-04 11:49:53.987975952,CUST-33,Home Office,West,Office Supplies,Product-63,546.8148334369298,1,0.2,-15.359239820765175
2023-10-14 00:02:53.146292584,CUST-8,Home Office,Central,Office Supplies,Product-56,594.4442135541851,9,0.2,-15.987373765669858
2022-09-12 13:10:42.084168336,CUST-44,Home Office,South,Office Supplies,Product-42,513.2769414471172,7,0.5,378.14044938050466
2023-10-14 00:02:53.146292584,CUST-44,Home Office,West,Furniture,Product-61,304.57296680563235,8,0.5,83.78085563830012
2022-03-15 03:30:39.679358717,CUST-5,Home Office,South,Furniture,Product-42,569.371772930426,9,0.1,-8.569856262886056
2023-06-16 01:00:36.072144288,CUST-39,Corporate,East,Technology,Product-56,691.9964490295898,6,0.0,219.5700642176717
2022-03-20 23:57:06.853707415,CUST-4,Home Office,East,Furniture,Product-36,874.5896867021996,5,0.5,230.64195023061973
2022-12-22 11:47:00.841683364,CUST-6,Home Office,East,Furniture,Product-84,639.9284404394556,6,0.5,241.82716905340965
2023-04-12 16:09:37.154308616,CUST-45,Consumer,Central,Technology,Product-68,763.5103216727264,2,0.2,70.33091253589359
2022-07-10 04:19:43.166332664,CUST-32,Corporate,West,Technology,Product-7,168.47091860502726,4,0.5,-43.20019210348623
2023-12-10 01:20:48.096192384,CUST-30,Corporate,East,Technology,Product-54,466.94189967559197,3,0.5,384.25691625451236
2023-03-24 15:43:38.837675352,CUST-47,Corporate,East,Furniture,Product-1,19.238303628822365,7,0.5,62.901870560996116
2022-07-16 00:46:10.340681362,CUST-35,Home Office,West,Furniture,Product-44,254.2120758764068,9,0.5,254.2118296236464
2022-01-30 06:12:15.871743487,CUST-40,Home Office,East,Technology,Product-45,729.1970979618748,5,0.2,267.9834414454193
2023-04-25 20:09:08.296593184,CUST-16,Home Office,South,Office Supplies,Product-47,991.8918518358698,6,0.1,224.50333768576854
2022-08-31 20:17:47.735470940,CUST-13,Consumer,West,Technology,Product-13,108.18631859134375,2,0.1,90.80832739614169
2023-02-04 09:05:24.649298596,CUST-42,Home Office,West,Office Supplies,Product-22,407.4793727026754,3,0.0,71.99331419382959
2023-07-21 03:39:19.118236472,CUST-30,Consumer,West,Office Supplies,Product-21,802.0702590121679,3,0.5,218.95072721621642
2022-05-09 17:41:57.835671342,CUST-19,Corporate,South,Technology,Product-86,211.99527828260986,9,0.2,339.7430351252612
2023-04-06 19:43:09.979959920,CUST-17,Home Office,West,Technology,Product-92,559.5340998092634,7,0.0,376.030178015528
2022-01-20 00:25:58.316633266,CUST-19,Consumer,South,Technology,Product-9,735.7405830693781,8,0.0,-2.342388018309066
2022-12-19 13:33:47.254509016,CUST-28,Consumer,West,Furniture,Product-26,619.8255957575773,9,0.1,19.67287566897393
2023-01-22 05:05:53.507014028,CUST-26,Home Office,Central,Office Supplies,Product-9,196.14448726926196,6,0.2,375.1313164523858
2023-05-20 17:01:33.787575152,CUST-37,Corporate,East,Furniture,Product-15,361.83072299888204,4,0.2,281.44085275065663
2022-03-18 01:43:53.266533066,CUST-26,Corporate,Central,Furniture,Product-10,785.9538666405432,1,0.2,347.3472211733979
2023-07-18 05:26:05.531062120,CUST-23,Corporate,East,Technology,Product-88,558.6842489906965,8,0.1,41.184685360904425
2023-05-11 22:21:53.026052104,CUST-9,Consumer,South,Furniture,Product-42,15.17731740748361,7,0.1,214.41364199923083
2022-05-14 03:01:48.216432866,CUST-12,Consumer,Central,Technology,Product-72,763.3808524278129,2,0.1,265.5128174878631
2023-06-20 10:20:26.452905808,CUST-1,Consumer,West,Office Supplies,Product-24,44.958241390836676,8,0.1,256.05034845113767
2023-10-11 01:49:39.559118232,CUST-1,Consumer,East,Technology,Product-80,748.2764449039198,5,0.1,133.66826089001415
2023-10-27 04:02:24.288577152,CUST-47,Corporate,East,Furniture,Product-49,210.45575456358503,7,0.5,-43.072298738911186
2023-09-17 16:03:50.861723448,CUST-34,Home Office,Central,Furniture,Product-26,958.4927453181864,4,0.5,212.31672556191842
2023-01-20 17:59:16.713426852,CUST-32,Consumer,South,Technology,Product-91,374.26134378906363,5,0.2,63.895692630823945
2023-09-22 01:23:41.242484968,CUST-48,Consumer,Central,Technology,Product-37,333.6623001746983,8,0.0,152.61441076430066
2022-02-19 17:44:50.981963927,CUST-25,Corporate,South,Furniture,Product-68,157.39916982912024,1,0.2,380.9114567877178
2022-10-27 21:35:42.685370740,CUST-40,Home Office,South,Office Supplies,Product-50,312.54817333531275,1,0.0,129.56589293909562
2022-04-28 00:49:03.486973948,CUST-45,Home Office,East,Office Supplies,Product-24,877.8842542099186,4,0.1,327.910722998992
2023-09-05 23:10:56.513026048,CUST-1,Corporate,Central,Technology,Product-19,996.3709942509748,3,0.0,34.843272587163014
2022-03-13 16:24:02.885771543,CUST-16,Corporate,Central,Office Supplies,Product-60,374.6264352017798,2,0.2,252.60722411126295
2023-06-10 04:34:08.897795592,CUST-39,Home Office,South,Furniture,Product-39,454.12452464499717,3,0.2,389.65312949752456
2023-07-21 03:39:19.118236472,CUST-5,Consumer,Central,Technology,Product-74,724.8502288207097,1,0.0,-4.148104607178446
2022-01-02 11:06:36.793587174,CUST-22,Home Office,West,Furniture,Product-89,887.3338226604238,1,0.5,-46.256025997763594
2023-07-24 01:52:32.705410816,CUST-29,Corporate,West,Furniture,Product-18,597.1138908449163,6,0.1,145.11225668467645
2022-03-19 12:50:30.060120240,CUST-3,Consumer,Central,Office Supplies,Product-19,397.61044119605106,5,0.1,-8.31853262688476
2022-06-03 14:34:23.326653306,CUST-12,Consumer,Central,Technology,Product-36,418.4956224401375,8,0.2,286.7729573543041
2023-01-14 21:32:49.539078156,CUST-26,Corporate,South,Technology,Product-74,698.6619650318388,2,0.5,361.5468987318515
2023-03-29 01:03:29.218436872,CUST-16,Corporate,West,Office Supplies,Product-97,13.186080968235895,4,0.0,145.30943771894147
2023-11-28 08:27:53.747494984,CUST-37,Corporate,West,Furniture,Product-55,623.3934440852423,8,0.1,66.42023896994843
2022-10-05 22:56:30.781563124,CUST-22,Home Office,East,Furniture,Product-69,361.9380803369438,6,0.5,145.4814935529744
2023-08-10 15:11:54.228456912,CUST-29,Home Office,South,Furniture,Product-47,796.2553579643134,1,0.1,275.55151803250044
2022-11-14 10:55:04.208416832,CUST-14,Consumer,East,Furniture,Product-49,102.06073342490083,4,0.5,-45.925627288833056
2022-03-04 21:44:22.124248497,CUST-28,Corporate,West,Technology,Product-99,592.3202442789066,1,0.5,215.2542952681137
2022-08-24 12:44:43.767535068,CUST-5,Consumer,South,Technology,Product-98,486.16316098726253,2,0.2,225.98125819932056
2022-10-22 01:09:15.511022044,CUST-47,Consumer,Central,Office Supplies,Product-33,645.9022706461751,5,0.1,236.959711103171
2023-10-14 00:02:53.146292584,CUST-49,Consumer,South,Office Supplies,Product-21,74.20505853813866,8,0.0,58.90993599139475
2023-12-08 14:14:11.302605208,CUST-30,Consumer,Central,Technology,Product-81,584.18394955385,8,0.2,271.32372552015704
2023-01-29 12:38:57.474949900,CUST-46,Corporate,Central,Technology,Product-22,565.8697420799285,3,0.2,-8.873831150700617
2023-05-28 00:34:37.755511024,CUST-5,Consumer,South,Furniture,Product-48,565.0534934720092,4,0.0,39.67165141006036
2023-03-20 06:23:48.456913824,CUST-12,Corporate,Central,Furniture,Product-37,607.4527899304902,6,0.2,344.86152099451687
2023-01-30 23:45:34.268537072,CUST-16,Corporate,East,Office Supplies,Product-15,679.7032578540986,3,0.5,282.42541782695486
2023-10-28 15:09:01.082164328,CUST-26,Home Office,West,Technology,Product-35,806.9391096839621,2,0.5,-43.81450069489463
2023-11-06 09:48:41.843687376,CUST-26,Corporate,Central,Office Supplies,Product-92,277.1225129269322,6,0.1,61.76931716641009
2022-11-10 01:35:13.827655308,CUST-48,Home Office,East,Technology,Product-71,826.7989160782614,5,0.1,46.482917346924054
2023-01-03 04:39:55.190380760,CUST-21,Corporate,Central,Furniture,Product-32,503.2731254408191,5,0.0,71.86284761663767
2022-10-04 11:49:53.987975952,CUST-39,Corporate,West,Office Supplies,Product-11,86.28769634298786,5,0.1,61.40189662594888
2023-03-08 13:30:54.108216432,CUST-36,Corporate,East,Office Supplies,Product-10,67.96541995153942,5,0.5,-21.863166915719418
2022-11-07 03:22:00.240480960,CUST-33,Home Office,West,Technology,Product-73,340.8959355091002,3,0.0,156.52323246856915
2022-10-30 19:48:56.272545088,CUST-30,Home Office,West,Furniture,Product-78,787.0480073403529,7,0.0,279.7300636537743
2022-12-12 06:00:43.286573144,CUST-37,Consumer,East,Office Supplies,Product-77,710.6041253935066,6,0.1,223.0292761228464
2023-05-09 00:08:39.438877752,CUST-23,Home Office,East,Furniture,Product-57,790.7288150256824,4,0.5,252.7922508691359
2023-06-20 10:20:26.452905808,CUST-10,Home Office,East,Office Supplies,Product-25,522.0963658771933,2,0.0,-13.48286965869238
2022-03-18 01:43:53.266533066,CUST-5,Home Office,South,Furniture,Product-2,445.7970079759356,9,0.5,378.17081957955423
2023-02-13 03:45:05.410821640,CUST-36,Home Office,East,Technology,Product-64,155.97800143922112,1,0.5,327.32132522936115
2023-08-22 08:04:48.577154304,CUST-34,Consumer,East,Office Supplies,Product-35,334.91082607321846,4,0.5,312.29064332304824
2022-11-12 23:48:27.414829660,CUST-31,Home Office,East,Office Supplies,Product-7,439.6791725121365,1,0.1,320.34271226879537
2023-01-03 04:39:55.190380760,CUST-10,Corporate,East,Furniture,Product-85,97.71442538282106,6,0.2,369.7197286597426
2022-10-01 13:36:40.400801604,CUST-19,Corporate,Central,Furniture,Product-18,228.40583318409915,4,0.2,194.91428475116396
2023-07-09 10:46:24.769539080,CUST-32,Home Office,South,Office Supplies,Product-67,602.2430411231014,5,0.0,40.12690804043166
2023-12-21 18:13:42.444889776,CUST-1,Home Office,West,Technology,Product-42,738.3064830967979,5,0.5,227.5526235336435
2022-02-28 12:24:31.743486974,CUST-5,Corporate,East,Furniture,Product-39,998.3640362790202,9,0.1,284.29667215057253
2022-08-17 05:11:39.799599196,CUST-45,Corporate,Central,Furniture,Product-41,933.7821980301221,1,0.5,282.06282700931143
2022-01-21 11:32:35.110220440,CUST-4,Consumer,Central,Furniture,Product-75,646.1395475398397,2,0.5,184.65206087509605
2023-03-15 21:03:58.076152304,CUST-16,Corporate,Central,Office Supplies,Product-24,427.0355727611313,6,0.1,-19.193576299889877
2022-04-04 15:03:14.789579158,CUST-24,Corporate,West,Office Supplies,Product-60,639.8155910611504,5,0.2,117.00082229355752
2023-05-19 05:54:56.993987976,CUST-16,Home Office,East,Office Supplies,Product-46,787.7951018994297,7,0.5,364.3449738085108
2023-04-22 21:55:54.709418840,CUST-2,Corporate,South,Office Supplies,Product-19,127.15282901415344,3,0.5,213.0020093908417
2022-01-12 16:52:54.348697394,CUST-49,Consumer,South,Technology,Product-68,415.8058407993254,3,0.2,192.24937446507104
2023-05-17 18:48:20.200400800,CUST-28,Corporate,Central,Technology,Product-90,841.404262779261,2,0.1,70.98408147198708
2022-07-07 06:06:29.579158316,CUST-32,Home Office,West,Office Supplies,Product-42,389.99462241371356,3,0.0,115.8020139624605
2023-12-20 07:07:05.651302600,CUST-27,Home Office,West,Technology,Product-32,576.1535485149146,1,0.2,352.9057401189262
2022-07-17 11:52:47.134268536,CUST-20,Corporate,West,Furniture,Product-39,591.8916672535762,5,0.0,249.90837138707604
2023-11-21 00:54:49.779559112,CUST-24,Home Office,South,Furniture,Product-36,192.63149060230296,5,0.0,304.3241620385498
2022-04-01 16:50:01.202404809,CUST-12,Consumer,Central,Furniture,Product-97,368.6130872357655,7,0.2,154.4554403804448
2022-07-21 21:12:37.515030060,CUST-35,Consumer,East,Office Supplies,Product-36,341.1661758545128,4,0.5,233.61124875527105
2023-12-30 12:53:23.206412824,CUST-33,Corporate,South,Furniture,Product-3,35.93474144674414,3,0.0,61.77262393444339
2022-04-28 00:49:03.486973948,CUST-33,Corporate,Central,Technology,Product-73,33.94984625244169,1,0.0,267.4573736275688
2023-07-27 00:05:46.292585168,CUST-43,Corporate,Central,Office Supplies,Product-8,833.3800732390157,8,0.1,142.4206001665018
2022-08-25 23:51:20.561122244,CUST-37,Home Office,East,Technology,Product-97,280.3401018730843,3,0.5,149.1454816666355
2023-09-04 12:04:19.719438872,CUST-12,Consumer,East,Furniture,Product-70,522.8979785764272,2,0.0,242.19504605959673
2023-02-26 07:44:36.553106208,CUST-3,Consumer,East,Furniture,Product-41,305.7383178528853,4,0.1,371.326279661017
2023-07-07 23:39:47.975951904,CUST-1,Home Office,West,Furniture,Product-68,941.2724526641871,3,0.5,-21.197144026120583
2023-01-16 08:39:26.332665328,CUST-33,Consumer,East,Office Supplies,Product-13,266.703791277116,1,0.2,321.1344568061534
2023-12-17 08:53:52.064128256,CUST-40,Corporate,Central,Technology,Product-49,435.36024461154574,3,0.2,81.57239968548691
2022-12-03 11:21:02.525050100,CUST-10,Corporate,East,Office Supplies,Product-60,874.0029479797558,2,0.1,149.76375452787002
2022-02-28 12:24:31.743486974,CUST-43,Corporate,Central,Office Supplies,Product-2,843.5142311238906,8,0.2,-40.13900205124597
2022-02-09 11:58:33.426853707,CUST-44,Consumer,South,Furniture,Product-60,194.24040366781455,6,0.0,85.47073502544086
2022-07-16 00:46:10.340681362,CUST-29,Corporate,West,Office Supplies,Product-5,804.6168766977534,9,0.5,176.18405918355873
2022-10-20 14:02:38.717434868,CUST-13,Home Office,South,Office Supplies,Product-44,463.60501787051373,8,0.0,-24.720765193652444
2023-04-24 09:02:31.503006008,CUST-12,Home Office,South,Furniture,Product-27,488.13918336450166,3,0.0,170.99307822242432
2023-01-26 14:25:43.887775548,CUST-31,Consumer,Central,Office Supplies,Product-32,142.14517269178435,5,0.2,367.1997829862923
2023-09-03 00:57:42.925851704,CUST-46,Home Office,South,Furniture,Product-21,89.79549861955341,7,0.0,-2.573051851487648
2022-02-16 19:31:37.394789579,CUST-2,Home Office,Central,Furniture,Product-8,730.6599139040276,5,0.2,293.99832763397694
2022-03-10 18:10:49.298597194,CUST-35,Consumer,East,Furniture,Product-72,501.49654083174676,8,0.5,134.3519740191967
2023-08-17 22:44:58.196392784,CUST-23,Corporate,East,Furniture,Product-50,442.48219558902775,5,0.5,244.8281715359521
2022-03-31 05:43:24.408817635,CUST-17,Corporate,Central,Office Supplies,Product-67,732.2131463658727,1,0.0,67.10646909335321
2022-11-11 12:41:50.621242484,CUST-26,Corporate,East,Furniture,Product-44,767.8577700011987,5,0.1,21.77151814361123
2023-03-04 04:11:03.727454912,CUST-8,Consumer,West,Furniture,Product-58,167.31908599266004,4,0.2,22.208176422051892
2022-05-24 08:48:05.771543086,CUST-29,Home Office,South,Office Supplies,Product-3,614.1228979828649,6,0.2,-18.278624460584908
2022-09-08 03:50:51.703406812,CUST-26,Corporate,West,Office Supplies,Product-86,144.00054145490867,3,0.0,33.541017205559356
2023-06-10 04:34:08.897795592,CUST-10,Corporate,South,Technology,Product-70,753.8613351687552,5,0.2,248.89872324503574
2022-11-08 14:28:37.034068136,CUST-26,Consumer,East,Office Supplies,Product-2,660.3856047044682,2,0.2,346.7607753295786
2023-11-25 10:14:40.160320640,CUST-34,Corporate,West,Office Supplies,Product-87,957.0484748726234,6,0.1,316.3565585160228
2022-02-19 17:44:50.981963927,CUST-41,Consumer,East,Technology,Product-44,78.26843619285697,6,0.1,258.31043944351785
2023-10-18 09:22:43.527054104,CUST-7,Home Office,South,Office Supplies,Product-2,66.48417393974177,5,0.0,-0.3056614650038014
2022-11-27 14:54:35.350701400,CUST-4,Consumer,Central,Office Supplies,Product-81,289.36520394626814,6,0.1,80.13435083317742
2022-05-27 07:01:19.358717434,CUST-45,Consumer,Central,Office Supplies,Product-35,269.0886268985469,7,0.0,89.41309389511105
2023-09-22 01:23:41.242484968,CUST-11,Consumer,West,Office Supplies,Product-98,254.50901108127982,5,0.5,62.48062587892956
2023-11-06 09:48:41.843687376,CUST-29,Consumer,East,Technology,Product-87,907.1920347158264,1,0.0,181.7525468693754
2022-07-10 04:19:43.166332664,CUST-36,Home Office,East,Office Supplies,Product-30,257.05073785101104,8,0.5,190.99921669585265
2023-01-10 12:12:59.158316632,CUST-25,Home Office,West,Office Supplies,Product-8,279.2302288673447,4,0.0,110.59868882699959
2022-01-06 20:26:27.174348697,CUST-21,Corporate,Central,Technology,Product-22,761.8042797937841,9,0.2,109.20512143139621
2022-11-14 10:55:04.208416832,CUST-36,Home Office,South,Furniture,Product-44,455.2424440260346,6,0.1,322.85001905773663
2023-01-07 13:59:45.571142284,CUST-10,Home Office,West,Technology,Product-58,778.9434513856294,1,0.5,305.1817817438585
2023-08-04 18:45:27.054108216,CUST-37,Corporate,South,Furniture,Product-36,74.7124959887414,3,0.0,88.50812425633555
2023-06-08 17:27:32.104208416,CUST-9,Home Office,Central,Technology,Product-69,492.69548173665044,3,0.1,361.2047997429667
2023-02-17 13:04:55.791583164,CUST-24,Consumer,East,Technology,Product-77,43.27746418144981,4,0.0,378.7667576511277
2023-07-28 11:12:23.086172344,CUST-35,Consumer,Central,Office Supplies,Product-93,72.02667142080098,6,0.1,97.03414391351836
2022-10-29 08:42:19.478957916,CUST-49,Corporate,West,Furniture,Product-31,907.3730788109668,7,0.1,109.4912269568747
2022-01-21 11:32:35.110220440,CUST-35,Corporate,East,Office Supplies,Product-47,147.8529174064192,4,0.0,177.5353690398815
2023-05-20 17:01:33.787575152,CUST-48,Corporate,West,Furniture,Product-55,537.0964754524649,6,0.5,373.5043656401531
2022-03-01 23:31:08.537074148,CUST-36,Consumer,West,Technology,Product-80,416.98464657469947,1,0.5,344.3437449140402
2023-07-09 10:46:24.769539080,CUST-18,Home Office,Central,Technology,Product-62,353.86989299625424,8,0.2,-3.8444168373845926
2023-11-04 22:42:05.050100200,CUST-49,Consumer,West,Furniture,Product-30,900.8350122303998,7,0.1,126.7288344721373
2022-09-18 09:37:09.258517032,CUST-39,Corporate,Central,Office Supplies,Product-55,31.605162807734605,9,0.2,199.01703538739733
2022-04-01 16:50:01.202404809,CUST-32,Home Office,East,Office Supplies,Product-16,667.1517893138332,3,0.2,176.40961264819302
2023-05-29 11:41:14.549098192,CUST-24,Home Office,Central,Office Supplies,Product-12,963.760489871415,2,0.0,37.23838057160171
2022-12-03 11:21:02.525050100,CUST-23,Consumer,East,Office Supplies,Product-17,564.5665016272235,1,0.0,336.4675470256696
2022-12-18 02:27:10.460921844,CUST-32,Corporate,Central,Technology,Product-16,937.4542374127609,3,0.0,254.62335234857682
2022-03-16 14:37:16.472945892,CUST-37,Consumer,South,Technology,Product-12,61.73530049316353,5,0.1,327.0587686833116
2022-05-19 23:28:15.390781562,CUST-12,Home Office,South,Technology,Product-8,424.6053858834198,2,0.0,336.4439257072625
2023-07-21 03:39:19.118236472,CUST-49,Consumer,West,Technology,Product-84,267.5562130524306,3,0.0,286.7601341495829
2022-11-20 07:21:31.382765528,CUST-13,Consumer,Central,Technology,Product-3,733.5127553309225,4,0.1,147.6447705623728
2023-12-10 01:20:48.096192384,CUST-23,Corporate,Central,Office Supplies,Product-16,981.4841195922742,7,0.1,224.74603975694106
2023-08-17 22:44:58.196392784,CUST-25,Corporate,East,Office Supplies,Product-30,263.9647618198053,3,0.5,22.164432753884412
2022-12-03 11:21:02.525050100,CUST-35,Home Office,West,Office Supplies,Product-23,657.6328554593338,9,0.0,253.14043786370848
2022-12-12 06:00:43.286573144,CUST-41,Consumer,Central,Office Supplies,Product-92,206.11665643214272,8,0.0,30.66396508267634
2022-07-27 17:39:04.689378756,CUST-30,Consumer,West,Technology,Product-5,569.6769520258938,4,0.0,262.27731572957055
2022-09-06 16:44:14.909819640,CUST-17,Consumer,South,Technology,Product-84,469.2931618214528,1,0.5,53.3191723392859
2022-02-10 23:05:10.220440881,CUST-49,Home Office,Central,Technology,Product-65,972.2852763352217,1,0.0,2.898085067598984
2022-02-21 04:51:27.775551102,CUST-20,Home Office,Central,Furniture,Product-30,612.4419999695019,1,0.5,24.37802056433084
2022-01-18 13:19:21.523046092,CUST-48,Corporate,West,Office Supplies,Product-21,356.0113083659506,1,0.2,-49.10353915141838
2022-08-21 14:31:30.180360720,CUST-25,Corporate,Central,Office Supplies,Product-84,122.95482703905404,8,0.5,273.43282803408863
2023-04-22 21:55:54.709418840,CUST-22,Corporate,West,Technology,Product-70,159.7343604475852,3,0.2,279.5804720762706
2022-09-30 02:30:03.607214428,CUST-13,Consumer,Central,Office Supplies,Product-22,233.06376065172273,6,0.0,181.72000746096674
2022-12-21 00:40:24.048096192,CUST-19,Consumer,East,Office Supplies,Product-82,258.456994726895,3,0.2,22.61326047492267
2022-05-05 08:22:07.454909820,CUST-49,Corporate,West,Technology,Product-72,852.1098972627265,5,0.5,-12.400548120189612
2023-02-19 00:11:32.585170340,CUST-36,Consumer,Central,Furniture,Product-32,565.6105603996997,7,0.1,-41.39196510322085
2022-04-06 02:09:51.583166332,CUST-12,Corporate,South,Furniture,Product-33,528.1570022606228,2,0.2,24.586679634349323
2022-09-05 05:37:38.116232464,CUST-41,Home Office,Central,Furniture,Product-16,123.6211831505253,6,0.2,350.88499074241605
2022-03-06 08:50:58.917835671,CUST-19,Corporate,South,Technology,Product-76,861.5382964159406,6,0.0,58.6915787657568
2022-03-31 05:43:24.408817635,CUST-12,Home Office,South,Office Supplies,Product-38,725.5861601763988,3,0.5,109.42209724774705
2023-10-06 16:29:49.178356712,CUST-9,Consumer,East,Technology,Product-98,76.99167828100157,6,0.2,-2.594531983400067
2022-07-14 13:39:33.547094188,CUST-7,Corporate,West,Technology,Product-14,710.756746257471,5,0.2,50.062587136676626
2023-02-19 00:11:32.585170340,CUST-28,Consumer,Central,Office Supplies,Product-36,548.1028351692196,2,0.2,183.6510568510923
2022-02-09 11:58:33.426853707,CUST-14,Home Office,East,Furniture,Product-97,90.90809228931047,9,0.2,223.48870739304363
2022-06-06 12:47:36.913827654,CUST-31,Home Office,Central,Furniture,Product-23,463.7176351133699,8,0.1,60.40854137479498
2022-03-04 21:44:22.124248497,CUST-19,Home Office,South,Technology,Product-66,489.8493242587465,3,0.5,-24.020528348697255
2023-05-11 22:21:53.026052104,CUST-47,Consumer,West,Furniture,Product-85,174.116794761643,8,0.0,125.9647911073294
2023-02-21 22:24:46.172344688,CUST-16,Consumer,Central,Technology,Product-2,946.2411655302795,9,0.0,55.391516916850364
2023-10-14 00:02:53.146292584,CUST-5,Consumer,Central,Technology,Product-91,851.4756177658553,3,0.1,48.79926545341087
2023-04-28 18:22:21.883767536,CUST-35,Consumer,South,Office Supplies,Product-73,672.3321139558172,3,0.5,381.93826122105486
2022-07-05 18:59:52.785571142,CUST-12,Home Office,Central,Office Supplies,Product-65,467.6726053906011,2,0.2,227.33521866657583
2023-05-23 15:14:47.374749496,CUST-25,Home Office,Central,Office Supplies,Product-75,417.64788616866343,8,0.1,200.59529942744317
2023-11-22 12:01:26.573146288,CUST-21,Corporate,South,Technology,Product-67,654.4637324794446,1,0.5,137.09879658549485
2022-12-03 11:21:02.525050100,CUST-36,Corporate,East,Office Supplies,Product-52,549.9775507128364,8,0.2,143.02495004356493
2022-10-04 11:49:53.987975952,CUST-23,Consumer,South,Furniture,Product-62,71.65037482306676,7,0.1,193.40725172713638
2022-11-24 16:41:21.763527052,CUST-16,Home Office,East,Furniture,Product-23,517.3776222826284,7,0.5,263.39341316624825
2023-07-16 18:19:28.737474944,CUST-39,Home Office,West,Technology,Product-26,808.3395810605111,3,0.0,265.9657432818232
2023-07-05 01:26:34.388777552,CUST-45,Home Office,East,Technology,Product-68,464.64747882098845,1,0.0,27.2622584674523
2023-02-17 13:04:55.791583164,CUST-42,Corporate,East,Office Supplies,Product-82,61.437011778725726,4,0.5,175.05073843448213
2023-10-14 00:02:53.146292584,CUST-39,Corporate,West,Technology,Product-55,788.4154173901927,9,0.0,135.38114276534588
2022-06-25 13:13:35.230460922,CUST-14,Home Office,East,Technology,Product-6,209.35014431461465,5,0.5,341.73713482122287
2022-06-18 05:40:31.262525050,CUST-31,Home Office,South,Furniture,Product-35,266.0346265391584,1,0.2,234.13851454826937
2023-11-04 22:42:05.050100200,CUST-5,Home Office,East,Furniture,Product-22,173.05928989797295,5,0.5,189.6268298871918
2022-12-06 09:34:16.112224448,CUST-35,Corporate,West,Office Supplies,Product-43,336.91291422278255,8,0.2,1.927588980512816
2023-01-13 10:26:12.745490980,CUST-23,Home Office,South,Technology,Product-15,759.1839906317487,8,0.1,222.53705019553513
2023-06-08 17:27:32.104208416,CUST-29,Home Office,West,Technology,Product-86,524.192000908898,5,0.5,2.7417575561050427
2022-10-16 04:42:48.336673344,CUST-43,Consumer,West,Furniture,Product-60,212.83246140920542,9,0.1,101.74295900458844
2023-10-28 15:09:01.082164328,CUST-11,Consumer,Central,Technology,Product-12,879.0517773705204,1,0.0,14.278884166449345
2023-08-23 19:11:25.370741480,CUST-18,Corporate,Central,Furniture,Product-49,880.7860364020139,4,0.2,261.433141160966
2022-07-18 22:59:23.927855710,CUST-47,Home Office,West,Office Supplies,Product-42,871.8726407955469,3,0.5,42.81345122626867
2023-04-09 17:56:23.567134264,CUST-12,Home Office,West,Furniture,Product-38,246.40824926772387,2,0.1,126.3367179346117
2022-08-28 22:04:34.148296592,CUST-9,Consumer,West,Technology,Product-82,456.7269507391782,8,0.2,353.0536499284504
2022-11-24 16:41:21.763527052,CUST-10,Corporate,Central,Office Supplies,Product-45,985.1397595794664,7,0.2,41.94237252953663
2023-03-24 15:43:38.837675352,CUST-44,Consumer,Central,Furniture,Product-35,774.2923515468905,9,0.0,178.5122787814506
2022-12-07 20:40:52.905811624,CUST-17,Consumer,East,Furniture,Product-30,36.89574701330422,2,0.0,138.6722475247099
2022-09-08 03:50:51.703406812,CUST-38,Consumer,East,Office Supplies,Product-88,74.55254534788713,4,0.2,-41.84418152942162
2022-08-09 21:38:35.831663324,CUST-7,Consumer,West,Office Supplies,Product-30,469.29206304420944,6,0.2,306.74115110776575
2023-11-07 20:55:18.637274544,CUST-46,Home Office,South,Furniture,Product-78,910.1280038029446,3,0.5,-18.929342158430124
2023-04-05 08:36:33.186372744,CUST-13,Home Office,South,Technology,Product-6,543.3147799731871,8,0.2,163.4147594396291
2023-06-30 16:06:44.008016032,CUST-40,Consumer,Central,Furniture,Product-67,502.83438295394734,3,0.5,202.30523272252748
2022-08-21 14:31:30.180360720,CUST-42,Corporate,Central,Office Supplies,Product-80,114.41896295706428,2,0.2,232.79190547656418
2022-05-19 23:28:15.390781562,CUST-9,Corporate,Central,Furniture,Product-7,660.2123036770511,3,0.0,259.884233188544
2023-11-21 00:54:49.779559112,CUST-27,Corporate,West,Office Supplies,Product-52,823.8821289942232,6,0.5,63.97257258522178
2022-12-06 09:34:16.112224448,CUST-2,Corporate,South,Office Supplies,Product-14,386.6158074324867,2,0.1,-45.50955050369778
2022-09-19 20:43:46.052104208,CUST-5,Consumer,East,Technology,Product-73,777.8557324160741,8,0.0,275.54964805971036
2022-06-13 20:20:40.881763526,CUST-29,Home Office,West,Office Supplies,Product-15,964.8318873618035,1,0.5,191.04546970641036
2023-04-09 17:56:23.567134264,CUST-37,Corporate,East,Office Supplies,Product-21,211.7287945364122,7,0.5,326.2529664432619
2023-12-27 14:40:09.619238472,CUST-38,Consumer,East,Technology,Product-35,528.0963348827938,2,0.1,319.6247633053124
2023-10-08 03:36:25.971943888,CUST-19,Corporate,West,Office Supplies,Product-66,294.26657850372976,6,0.5,329.49677550454743
2022-03-16 14:37:16.472945892,CUST-8,Corporate,East,Technology,Product-91,794.925874843501,2,0.2,168.29259699079307
2023-01-26 14:25:43.887775548,CUST-48,Consumer,South,Technology,Product-2,581.8174322223459,2,0.1,100.13277812658956
2023-03-07 02:24:17.314629256,CUST-45,Home Office,East,Office Supplies,Product-35,638.2365933748007,8,0.0,306.2011911661165
2023-07-18 05:26:05.531062120,CUST-1,Home Office,South,Office Supplies,Product-82,799.9350180197351,2,0.0,153.08235086316472
2023-07-19 16:32:42.324649296,CUST-22,Consumer,South,Furniture,Product-78,402.01076793583036,7,0.2,32.54898838154553
2022-06-13 20:20:40.881763526,CUST-17,Home Office,South,Technology,Product-20,915.9391677229728,3,0.0,334.7383088026634
2022-05-27 07:01:19.358717434,CUST-7,Consumer,Central,Furniture,Product-82,537.6985785736786,8,0.5,347.15194454755624
2022-06-13 20:20:40.881763526,CUST-25,Consumer,East,Office Supplies,Product-10,166.37527460699454,7,0.5,159.83939026307655
2023-10-05 05:23:12.384769536,CUST-45,Consumer,West,Furniture,Product-25,698.9401269871145,8,0.2,-15.935122710595643
2022-04-28 00:49:03.486973948,CUST-4,Home Office,West,Technology,Product-66,795.3287369338718,7,0.0,124.52174046261905
2022-09-30 02:30:03.607214428,CUST-36,Consumer,East,Furniture,Product-25,323.5940602968514,6,0.0,311.5919467581715
2022-06-13 20:20:40.881763526,CUST-6,Corporate,Central,Technology,Product-54,858.6074644287654,7,0.2,355.7983128458029
2022-01-02 11:06:36.793587174,CUST-31,Home Office,Central,Office Supplies,Product-33,907.0818222181088,5,0.1,41.56273412391813
2022-07-08 17:13:06.372745490,CUST-19,Home Office,South,Office Supplies,Product-36,284.13544250403083,7,0.0,-19.861874588627813
2022-11-17 09:08:17.795591180,CUST-44,Home Office,East,Technology,Product-95,983.6862579880699,1,0.1,344.8077039097774
2022-03-19 12:50:30.060120240,CUST-39,Home Office,East,Office Supplies,Product-14,149.30441276827082,1,0.0,125.2322225404939
2023-05-16 07:41:43.406813624,CUST-27,Corporate,West,Office Supplies,Product-65,209.99551171846508,9,0.0,193.79243392040345
2023-12-10 01:20:48.096192384,CUST-10,Home Office,East,Office Supplies,Product-80,192.38259084564586,5,0.0,385.62961542284154
2022-11-23 05:34:44.969939880,CUST-26,Home Office,Central,Office Supplies,Product-54,895.0498129077918,5,0.0,-20.045872438599716
2022-11-24 16:41:21.763527052,CUST-19,Consumer,East,Technology,Product-52,657.7496268017122,3,0.5,241.74310335344302
2023-07-16 18:19:28.737474944,CUST-39,Home Office,West,Furniture,Product-3,160.58324039005015,5,0.1,-16.652559841309817
2023-08-12 02:18:31.022044088,CUST-3,Corporate,South,Furniture,Product-99,445.9201841846655,3,0.1,118.96101780992518
2022-07-02 20:46:39.198396792,CUST-45,Corporate,West,Office Supplies,Product-41,619.145044819104,9,0.0,311.71654533705106
2022-07-08 17:13:06.372745490,CUST-13,Corporate,West,Furniture,Product-6,92.62944413948946,9,0.0,145.06250474003548
2022-03-18 01:43:53.266533066,CUST-28,Corporate,South,Furniture,Product-25,883.5922047232654,6,0.1,398.73205925632766
2022-09-08 03:50:51.703406812,CUST-20,Home Office,West,Office Supplies,Product-13,805.5675000871198,1,0.5,201.57667822597097
2022-11-14 10:55:04.208416832,CUST-28,Home Office,West,Office Supplies,Product-98,510.1547058408718,7,0.2,94.52296868617907
2022-08-21 14:31:30.180360720,CUST-8,Corporate,East,Furniture,Product-8,967.4553491065788,7,0.2,49.05009665713891
2022-10-16 04:42:48.336673344,CUST-41,Corporate,East,Technology,Product-21,423.5833694823487,4,0.1,107.73424042877281
2023-08-31 02:44:29.338677352,CUST-39,Home Office,South,Office Supplies,Product-98,984.2692158461329,8,0.0,117.63997319179788
2022-12-26 21:06:51.222444888,CUST-1,Corporate,East,Technology,Product-68,671.2407988155908,6,0.0,-19.07884502421756
2023-04-18 12:36:04.328657312,CUST-3,Consumer,East,Furniture,Product-25,638.3245605214021,4,0.5,116.30838974204792
2023-10-03 18:16:35.591182360,CUST-13,Corporate,West,Office Supplies,Product-79,174.29534634282714,4,0.2,158.90733388265122
2022-10-23 12:15:52.304609216,CUST-28,Corporate,Central,Technology,Product-68,883.1084807215975,2,0.5,275.2319885074621
2022-09-25 17:10:13.226452904,CUST-49,Consumer,East,Office Supplies,Product-45,433.214791041409,2,0.2,245.52826812472358
2022-06-28 11:26:48.817635270,CUST-25,Consumer,Central,Furniture,Product-60,170.61107172465455,4,0.1,268.9445448531194
2023-08-09 04:05:17.434869736,CUST-33,Home Office,East,Technology,Product-12,22.48144477600145,5,0.2,-46.2363431554143
2023-01-07 13:59:45.571142284,CUST-38,Home Office,East,Furniture,Product-32,564.1581268019987,8,0.5,47.95032981124122
2023-03-05 15:17:40.521042080,CUST-6,Consumer,South,Furniture,Product-96,532.1256259014496,6,0.5,247.7579297799354
2023-02-13 03:45:05.410821640,CUST-44,Consumer,South,Office Supplies,Product-92,722.160086145467,4,0.5,167.7952156808862
2023-04-19 23:42:41.122244488,CUST-45,Home Office,South,Technology,Product-13,891.3554724876241,7,0.1,-47.60893594924433
2023-06-27 17:53:30.420841680,CUST-32,Corporate,Central,Furniture,Product-31,88.61251879659923,8,0.2,312.02258909432004
2022-05-22 21:41:28.977955912,CUST-45,Consumer,West,Furniture,Product-78,734.1815254369587,2,0.2,297.76430798065184
2022-10-16 04:42:48.336673344,CUST-47,Home Office,East,Technology,Product-20,195.5378246566064,7,0.5,196.7886233471032
2023-11-18 02:41:36.192384768,CUST-21,Corporate,East,Furniture,Product-18,859.5952826255923,2,0.2,-20.091503400677546
2023-07-31 09:25:36.673346688,CUST-16,Consumer,East,Furniture,Product-93,820.8728787230395,2,0.0,294.9317722896631
2022-12-16 15:20:33.667334668,CUST-21,Corporate,Central,Technology,Product-60,545.385817435689,8,0.0,212.67111447911378
2022-07-29 04:45:41.482965932,CUST-11,Home Office,South,Technology,Product-63,713.1403706370784,2,0.0,301.88198972108165
2022-05-21 10:34:52.184368736,CUST-37,Consumer,West,Technology,Product-6,321.2066120519109,9,0.2,288.2861465781282
2022-10-20 14:02:38.717434868,CUST-36,Corporate,Central,Technology,Product-32,476.4562199434865,1,0.1,311.3509323810267
2022-06-29 22:33:25.611222444,CUST-35,Consumer,South,Office Supplies,Product-93,823.420528733367,9,0.1,183.10362988208118
2022-09-30 02:30:03.607214428,CUST-19,Corporate,Central,Technology,Product-43,464.67254520148174,1,0.1,13.146033187081748
2023-04-21 10:49:17.915831664,CUST-20,Home Office,West,Office Supplies,Product-2,364.22028267218735,2,0.1,252.0208630208599
2023-11-09 08:01:55.430861720,CUST-18,Home Office,South,Office Supplies,Product-60,499.2703227777969,6,0.0,229.21320327338674
2023-05-25 02:21:24.168336672,CUST-47,Consumer,Central,Office Supplies,Product-23,829.9667599128462,6,0.0,284.0139342395892
2023-01-13 10:26:12.745490980,CUST-41,Corporate,West,Furniture,Product-83,341.855966897164,1,0.5,26.446452722830884
2022-08-04 01:12:08.657314628,CUST-49,Consumer,East,Office Supplies,Product-31,182.02397720438637,7,0.2,37.738839955130146
2023-01-03 04:39:55.190380760,CUST-14,Consumer,West,Office Supplies,Product-5,714.8938801274729,8,0.2,350.6842827486978
2023-10-09 14:43:02.765531056,CUST-15,Corporate,East,Furniture,Product-83,827.718430581001,2,0.1,287.49000930343186
2023-09-05 23:10:56.513026048,CUST-31,Corporate,Central,Furniture,Product-34,109.631103738298,8,0.0,358.7028199151453
2023-08-12 02:18:31.022044088,CUST-1,Corporate,South,Furniture,Product-10,247.4753716283853,9,0.1,291.4218945237643
2023-05-20 17:01:33.787575152,CUST-3,Home Office,South,Technology,Product-89,150.55226986338397,6,0.5,218.71988769563586
2023-10-21 07:35:57.114228456,CUST-16,Consumer,Central,Furniture,Product-2,354.46199746634494,5,0.2,244.35973166254314
2022-08-02 14:05:31.863727456,CUST-23,Consumer,South,Furniture,Product-11,455.8474691163585,9,0.2,350.10756577300447
2022-08-04 01:12:08.657314628,CUST-11,Home Office,South,Office Supplies,Product-50,751.3380735936734,9,0.1,210.46303953037324
2023-05-29 11:41:14.549098192,CUST-12,Corporate,East,Furniture,Product-31,654.6361090328573,1,0.5,234.57609594777432
2022-10-17 15:49:25.130260520,CUST-10,Home Office,Central,Technology,Product-56,624.7192818036468,3,0.2,20.414522201620258
2023-03-26 02:50:15.631262520,CUST-32,Home Office,West,Furniture,Product-79,358.85119714355784,9,0.5,163.26454905224622
2023-12-15 21:47:15.270541080,CUST-16,Home Office,East,Technology,Product-73,843.0330775539123,2,0.5,272.37870038114454
2023-09-01 13:51:06.132264528,CUST-8,Consumer,Central,Furniture,Product-87,476.57429572418295,4,0.1,71.92421424236444
2023-09-11 19:37:23.687374744,CUST-38,Home Office,East,Furniture,Product-83,979.313888635003,4,0.0,41.01438123604072
2022-07-05 18:59:52.785571142,CUST-12,Consumer,West,Furniture,Product-9,637.8007169127794,2,0.1,91.22206370098701
2022-02-25 14:11:18.156312625,CUST-24,Consumer,West,Furniture,Product-99,135.0020941488577,3,0.0,58.67528259677505
2023-05-09 00:08:39.438877752,CUST-28,Consumer,Central,Technology,Product-21,679.4157864546796,3,0.5,46.71068666637814
2023-06-10 04:34:08.897795592,CUST-8,Corporate,West,Technology,Product-73,331.852975277382,1,0.0,141.18287929063914
2022-07-07 06:06:29.579158316,CUST-28,Consumer,East,Office Supplies,Product-28,689.4639247192365,6,0.5,358.5273312475903
2023-01-25 03:19:07.094188376,CUST-36,Consumer,West,Technology,Product-62,78.94473668078169,8,0.2,178.17684103242323
2023-11-26 21:21:16.953907816,CUST-26,Corporate,East,Furniture,Product-7,183.1326228041998,3,0.2,34.564171366895366
2023-10-06 16:29:49.178356712,CUST-8,Consumer,East,Office Supplies,Product-80,857.1798863167285,5,0.2,-15.362748778606665
2023-11-22 12:01:26.573146288,CUST-28,Home Office,West,Office Supplies,Product-16,234.90776145327973,1,0.1,263.27026531206633
2023-09-26 10:43:31.623246488,CUST-28,Home Office,Central,Office Supplies,Product-97,838.6707139905106,7,0.1,122.25944399637453
2022-08-08 10:31:59.038076152,CUST-37,Consumer,South,Furniture,Product-4,286.48332756986633,1,0.5,319.8239259634117
2023-08-29 15:37:52.545090176,CUST-41,Corporate,West,Technology,Product-4,646.4530909581206,9,0.2,246.77984588834659
2023-11-29 19:34:30.541082160,CUST-36,Home Office,East,Furniture,Product-40,697.2090677747327,8,0.1,308.3086527436158
2023-03-11 11:44:07.695390784,CUST-27,Corporate,East,Office Supplies,Product-17,517.5282056136024,7,0.2,72.37571773830194
2022-05-24 08:48:05.771543086,CUST-17,Corporate,West,Furniture,Product-52,312.257569929764,7,0.1,261.56151510747617
2023-01-19 06:52:39.919839680,CUST-9,Home Office,Central,Furniture,Product-93,220.51793260738515,5,0.0,68.82789311217346
2023-01-03 04:39:55.190380760,CUST-33,Corporate,Central,Technology,Product-52,42.857461016801956,5,0.0,372.5808157526312
2022-07-29 04:45:41.482965932,CUST-20,Home Office,East,Technology,Product-36,310.90693722831656,5,0.2,236.36842669001845
2023-05-20 17:01:33.787575152,CUST-13,Corporate,East,Office Supplies,Product-38,656.6311626259702,1,0.5,96.03031007890394
2022-06-12 09:14:04.088176352,CUST-28,Home Office,Central,Furniture,Product-50,938.9217702639978,8,0.1,71.28033803152269
2024-01-01 00:00:00.000000000,CUST-48,Consumer,South,Furniture,Product-63,872.4924374404216,1,0.1,35.91696328223958
2022-03-28 07:30:10.821643286,CUST-29,Home Office,West,Technology,Product-63,768.4041287699496,4,0.0,262.5884315021775
2023-06-23 08:33:40.040080160,CUST-13,Home Office,East,Furniture,Product-62,790.5628698207657,9,0.0,48.42202584906728
2022-01-02 11:06:36.793587174,CUST-46,Home Office,East,Furniture,Product-99,668.3350544412353,9,0.5,217.88646966737008
2023-07-16 18:19:28.737474944,CUST-35,Home Office,Central,Furniture,Product-7,267.683988990343,5,0.5,69.0857621164108
2023-03-20 06:23:48.456913824,CUST-6,Corporate,West,Technology,Product-27,908.1230803987715,4,0.5,247.88602515724085
2023-01-06 02:53:08.777555108,CUST-18,Consumer,Central,Office Supplies,Product-92,674.0249887867757,3,0.2,316.72287784324266
2022-07-23 08:19:14.308617234,CUST-5,Home Office,West,Office Supplies,Product-86,564.8362246706356,3,0.0,300.11135941509394
2023-10-24 05:49:10.701402800,CUST-47,Corporate,West,Furniture,Product-14,119.87957452134626,5,0.2,292.3830989188518
2022-02-22 15:58:04.569138276,CUST-25,Consumer,West,Office Supplies,Product-71,452.58498836836117,1,0.0,34.47508256151343
2022-08-21 14:31:30.180360720,CUST-2,Consumer,East,Technology,Product-86,465.75468848990704,5,0.0,-10.226773856966581
2022-01-12 16:52:54.348697394,CUST-10,Consumer,South,Technology,Product-5,865.9179734274433,6,0.1,264.52697281932353
2022-12-06 09:34:16.112224448,CUST-30,Consumer,Central,Office Supplies,Product-55,551.1817379859106,7,0.0,115.7562462074581
2022-05-24 08:48:05.771543086,CUST-45,Home Office,South,Office Supplies,Product-2,386.5965434807056,9,0.0,144.55580188150628
2022-08-02 14:05:31.863727456,CUST-5,Home Office,Central,Furniture,Product-62,977.0323252255528,3,0.2,-35.98290824297402
2023-03-20 06:23:48.456913824,CUST-33,Corporate,West,Office Supplies,Product-91,119.61338739305252,2,0.0,66.80940217377214
2022-10-30 19:48:56.272545088,CUST-1,Corporate,East,Furniture,Product-21,428.3229440288252,3,0.2,-34.84561825649119
2022-07-10 04:19:43.166332664,CUST-18,Corporate,South,Furniture,Product-79,51.60442841969124,9,0.5,345.6335976705614
2023-08-13 13:25:07.815631264,CUST-32,Consumer,East,Technology,Product-21,742.505079559261,7,0.0,59.528507448338715
2022-08-09 21:38:35.831663324,CUST-47,Consumer,Central,Technology,Product-10,918.8957866771591,9,0.0,200.8017263078536
2022-03-19 12:50:30.060120240,CUST-49,Home Office,East,Technology,Product-87,287.23695625498453,2,0.2,-32.459305702491314
2022-06-24 02:06:58.436873746,CUST-11,Consumer,East,Technology,Product-58,859.7582600311297,5,0.5,250.08132608754613
2022-08-23 01:38:06.973947896,CUST-21,Consumer,South,Office Supplies,Product-39,299.2960481572788,4,0.1,95.36230558934224
2023-08-19 09:51:34.989979960,CUST-26,Consumer,West,Technology,Product-5,911.6624600274761,2,0.5,354.0636341309496
2022-06-18 05:40:31.262525050,CUST-25,Corporate,East,Office Supplies,Product-65,756.4222845608161,9,0.2,349.65318502031613
2022-04-19 06:09:22.725450902,CUST-22,Corporate,West,Technology,Product-13,806.8577090730242,9,0.5,96.38077826278649
2022-06-13 20:20:40.881763526,CUST-27,Home Office,Central,Office Supplies,Product-85,27.826490044449955,6,0.2,355.43240306071056
2023-10-28 15:09:01.082164328,CUST-49,Consumer,East,Furniture,Product-90,963.1822535032857,6,0.2,398.27095307445046
2023-09-05 23:10:56.513026048,CUST-13,Consumer,South,Office Supplies,Product-85,729.40428214962,8,0.1,321.43704885577665
2023-09-08 21:24:10.100200400,CUST-33,Home Office,Central,Office Supplies,Product-53,311.703584432272,6,0.0,330.192106489853
2022-05-31 16:21:09.739478958,CUST-34,Consumer,Central,Technology,Product-82,831.1007182102585,1,0.2,62.05393124909045
2023-05-11 22:21:53.026052104,CUST-41,Consumer,South,Office Supplies,Product-45,288.7059864307806,4,0.2,209.51607948599036
2023-01-06 02:53:08.777555108,CUST-35,Corporate,East,Furniture,Product-32,874.0263011704667,7,0.1,-19.734838714684464
2022-11-27 14:54:35.350701400,CUST-1,Home Office,East,Furniture,Product-36,121.45458650781764,2,0.2,-7.286928430248629
2022-06-12 09:14:04.088176352,CUST-21,Home Office,Central,Technology,Product-81,706.6491176861878,9,0.0,399.50167541498075
2023-11-22 12:01:26.573146288,CUST-48,Home Office,East,Furniture,Product-99,545.2914918784612,8,0.1,96.98766224165993
2022-05-24 08:48:05.771543086,CUST-6,Home Office,West,Office Supplies,Product-60,105.56912549348641,8,0.0,286.68276042198084
2022-08-11 08:45:12.625250500,CUST-28,Corporate,South,Furniture,Product-11,249.47488997625058,7,0.0,312.9992738620674
2023-05-25 02:21:24.168336672,CUST-17,Corporate,West,Technology,Product-63,22.279995914541644,4,0.1,336.1104719532531
2023-08-10 15:11:54.228456912,CUST-5,Consumer,East,Office Supplies,Product-21,474.08028580986075,2,0.2,398.93273383097045
2023-07-15 07:12:51.943887776,CUST-31,Consumer,Central,Technology,Product-52,308.2526081524004,3,0.0,58.673418365590535
2023-06-18 23:13:49.659318632,CUST-5,Consumer,South,Office Supplies,Product-55,602.3739094547813,6,0.0,-31.842127913135133
2023-05-09 00:08:39.438877752,CUST-38,Consumer,East,Furniture,Product-26,304.265429631531,5,0.0,135.03618309756368
2022-10-10 08:16:21.162324648,CUST-3,Corporate,East,Technology,Product-68,306.91992039191484,8,0.0,8.536301423026124
2023-03-29 01:03:29.218436872,CUST-23,Home Office,Central,Technology,Product-34,745.7612667442874,6,0.1,-39.908349877075196
2022-08-25 23:51:20.561122244,CUST-37,Corporate,Central,Office Supplies,Product-52,57.66140761856992,6,0.1,112.19207221366875
2022-10-30 19:48:56.272545088,CUST-37,Consumer,West,Technology,Product-82,903.8660452400674,1,0.5,302.6822129838564
2023-10-12 12:56:16.352705408,CUST-10,Corporate,South,Office Supplies,Product-99,853.7412356472696,4,0.5,204.78131105128188
2022-09-03 18:31:01.322645288,CUST-10,Home Office,South,Office Supplies,Product-93,671.1266363941425,5,0.0,90.75009514465933
2023-12-08 14:14:11.302605208,CUST-19,Home Office,Central,Office Supplies,Product-52,597.2893544063105,3,0.2,244.4539024717239
2022-08-23 01:38:06.973947896,CUST-17,Corporate,West,Office Supplies,Product-29,893.3794731582557,9,0.0,54.40818113896482
2022-04-09 00:23:05.170340681,CUST-21,Corporate,South,Furniture,Product-38,193.4768777334273,1,0.2,-43.52834926756174
2023-02-26 07:44:36.553106208,CUST-14,Corporate,Central,Office Supplies,Product-42,88.17947056892032,6,0.0,293.9590238963923
2023-08-04 18:45:27.054108216,CUST-9,Consumer,East,Technology,Product-21,247.11506821044273,6,0.5,230.68438818880406
2023-02-08 18:25:15.030060120,CUST-46,Corporate,South,Furniture,Product-42,796.6324959131883,5,0.5,293.036181025432
2023-03-20 06:23:48.456913824,CUST-1,Corporate,West,Technology,Product-13,44.32356405921849,5,0.2,-32.477892490550474
2023-08-13 13:25:07.815631264,CUST-45,Corporate,West,Furniture,Product-64,586.9787667326548,5,0.0,326.7038325237935
2023-07-15 07:12:51.943887776,CUST-13,Home Office,West,Office Supplies,Product-17,995.4831410293968,6,0.2,228.7867900163365
2023-07-27 00:05:46.292585168,CUST-4,Home Office,East,Furniture,Product-9,857.139132899164,8,0.5,203.52790782068806
2022-07-16 00:46:10.340681362,CUST-1,Consumer,South,Furniture,Product-41,526.2312321531535,2,0.0,231.07632165153922
2022-10-11 19:22:57.955911824,CUST-49,Consumer,South,Technology,Product-1,73.00450019377593,6,0.0,338.99496109076387
2023-08-09 04:05:17.434869736,CUST-40,Home Office,East,Technology,Product-2,833.0597792418528,1,0.2,214.12142795150817
2022-07-05 18:59:52.785571142,CUST-32,Home Office,South,Office Supplies,Product-60,602.9887230954384,4,0.1,211.4276709496807
2022-02-16 19:31:37.394789579,CUST-34,Home Office,East,Furniture,Product-48,123.78366708897117,3,0.2,395.8056206795946
2022-09-14 00:17:18.877755512,CUST-28,Corporate,East,Furniture,Product-29,102.91871197512263,9,0.5,290.52857518085557
2023-11-03 11:35:28.256513024,CUST-31,Corporate,East,Furniture,Product-97,910.5305512422265,3,0.5,149.03221245301089
2023-10-09 14:43:02.765531056,CUST-8,Home Office,West,Office Supplies,Product-10,672.5082603086977,6,0.5,268.32865001481747
2023-06-26 06:46:53.627254504,CUST-39,Corporate,South,Office Supplies,Product-58,830.993931323588,1,0.5,125.1537122613048
2023-11-18 02:41:36.192384768,CUST-26,Corporate,East,Office Supplies,Product-60,880.1891112794447,6,0.5,52.99395811757455
2023-07-02 03:13:20.801603208,CUST-34,Consumer,South,Office Supplies,Product-21,576.054628527839,4,0.1,218.58334459949174
2022-01-31 17:18:52.665330661,CUST-3,Home Office,West,Office Supplies,Product-28,522.2718882374909,8,0.0,367.6819441512782
2022-12-13 17:07:20.080160320,CUST-12,Home Office,East,Technology,Product-75,436.1231362177803,9,0.2,368.11278400695824
2022-08-18 16:18:16.593186372,CUST-1,Corporate,Central,Furniture,Product-34,323.7771219132081,4,0.2,103.85737514747063
2022-02-24 03:04:41.362725451,CUST-44,Home Office,West,Furniture,Product-8,440.2500012501246,6,0.5,187.45485979976274
2022-12-02 00:14:25.731462924,CUST-5,Consumer,Central,Furniture,Product-59,776.1408591728548,1,0.2,45.23615435643754
2023-06-17 12:07:12.865731464,CUST-30,Consumer,South,Furniture,Product-86,605.9041967049802,4,0.5,398.03399927449755
2022-03-15 03:30:39.679358717,CUST-30,Consumer,South,Furniture,Product-72,893.5980570552977,7,0.1,391.5030585405711
2023-10-02 07:09:58.797595192,CUST-17,Home Office,West,Furniture,Product-49,448.94621423539587,1,0.1,242.27901836835127
2023-01-20 17:59:16.713426852,CUST-48,Home Office,South,Furniture,Product-79,611.0186829315664,8,0.0,311.986326854863
2023-02-17 13:04:55.791583164,CUST-47,Home Office,Central,Furniture,Product-17,634.9944775610688,6,0.1,271.795072577665
2022-02-08 00:51:56.633266533,CUST-23,Home Office,East,Technology,Product-60,595.7801906832623,5,0.1,216.9211985677607
2022-11-26 03:47:58.557114228,CUST-15,Home Office,East,Furniture,Product-87,705.6074353546612,9,0.0,-25.99340135499604
2023-02-08 18:25:15.030060120,CUST-37,Consumer,East,Technology,Product-88,245.0591336910582,2,0.2,154.64395414869747
2023-02-21 22:24:46.172344688,CUST-21,Corporate,West,Office Supplies,Product-45,517.2401397703327,5,0.5,253.65383597533474
2022-05-21 10:34:52.184368736,CUST-14,Consumer,South,Furniture,Product-83,113.1825547802642,6,0.5,254.8892262476581
2023-02-19 00:11:32.585170340,CUST-2,Home Office,Central,Office Supplies,Product-69,390.6662143683644,7,0.2,117.90517829007263
2023-06-20 10:20:26.452905808,CUST-11,Consumer,South,Office Supplies,Product-32,492.7903979350518,5,0.0,373.7613939961137
2023-10-16 22:16:06.733466928,CUST-39,Home Office,South,Office Supplies,Product-44,655.7020169500178,9,0.2,25.310664506551447
2023-12-04 04:54:20.921843688,CUST-38,Home Office,South,Technology,Product-65,951.0257420603415,1,0.1,175.16175079700227
2023-10-24 05:49:10.701402800,CUST-34,Consumer,East,Office Supplies,Product-87,604.6445558828723,7,0.0,260.89778944787025
2023-04-08 06:49:46.773547096,CUST-38,Home Office,Central,Office Supplies,Product-8,746.1579770147941,7,0.0,263.7111126513142
2023-03-20 06:23:48.456913824,CUST-34,Corporate,Central,Office Supplies,Product-77,511.2033989002507,4,0.0,241.88753054596702
2022-08-02 14:05:31.863727456,CUST-18,Home Office,South,Furniture,Product-72,637.762991062568,9,0.5,73.87969605333707
2022-01-05 09:19:50.380761523,CUST-30,Corporate,East,Furniture,Product-87,80.2228939724357,5,0.2,20.29295590897989
2022-02-19 17:44:50.981963927,CUST-15,Corporate,East,Technology,Product-43,261.8476650334285,4,0.0,236.1731470720199
2022-10-07 10:03:07.575150300,CUST-27,Home Office,Central,Technology,Product-1,368.2345622730873,7,0.0,219.68595226274698
2022-03-12 05:17:26.092184368,CUST-34,Consumer,East,Furniture,Product-51,477.76842145644844,4,0.0,30.710204630158444
2022-01-24 09:45:48.697394789,CUST-38,Corporate,East,Technology,Product-24,55.1922580473599,3,0.2,267.3126155067535
2022-09-08 03:50:51.703406812,CUST-33,Consumer,East,Furniture,Product-99,148.6238565777845,9,0.5,154.8273962801454
2022-11-17 09:08:17.795591180,CUST-24,Corporate,West,Office Supplies,Product-24,284.0461647133927,8,0.1,250.49226622141884
2022-08-18 16:18:16.593186372,CUST-15,Home Office,South,Office Supplies,Product-17,971.8173639920401,1,0.5,326.8151858965678
2023-11-28 08:27:53.747494984,CUST-30,Home Office,Central,Technology,Product-5,338.03353703202026,7,0.0,26.377792859615425
2022-03-07 19:57:35.711422845,CUST-42,Corporate,Central,Furniture,Product-20,487.2206475309617,9,0.5,-41.384809401423496
2023-06-29 05:00:07.214428856,CUST-17,Home Office,West,Furniture,Product-21,204.13673561100902,8,0.5,300.59616387810405
2022-01-08 07:33:03.967935871,CUST-5,Corporate,South,Technology,Product-58,614.6722703650106,8,0.1,224.36384131867715
2022-05-24 08:48:05.771543086,CUST-29,Home Office,Central,Furniture,Product-31,287.87638336081454,6,0.2,264.8378063299548
2023-07-09 10:46:24.769539080,CUST-4,Consumer,East,Office Supplies,Product-11,214.9226526540425,4,0.2,327.1697387448892
2022-12-06 09:34:16.112224448,CUST-10,Home Office,Central,Technology,Product-52,521.4069021615193,8,0.5,311.2649206710252
2022-02-22 15:58:04.569138276,CUST-17,Consumer,East,Technology,Product-15,15.450741168816613,3,0.5,382.4140661179711
2023-02-13 03:45:05.410821640,CUST-10,Home Office,West,Furniture,Product-83,17.587392322733074,9,0.2,191.1707854834532
2023-05-25 02:21:24.168336672,CUST-17,Consumer,East,Technology,Product-7,226.8781210108392,2,0.2,169.82303469695742
2023-12-27 14:40:09.619238472,CUST-20,Home Office,Central,Furniture,Product-28,46.35414887581293,2,0.1,130.84923995082852
2023-03-17 08:10:34.869739480,CUST-24,Consumer,Central,Furniture,Product-51,116.94549658938446,7,0.0,19.160969279892043
2022-09-21 07:50:22.845691380,CUST-5,Corporate,Central,Furniture,Product-58,345.47204284536406,4,0.5,207.6732547969101
2022-05-18 12:21:38.597194388,CUST-34,Corporate,West,Furniture,Product-5,804.5598227840147,8,0.2,74.65563594669045
2022-05-24 08:48:05.771543086,CUST-6,Consumer,West,Furniture,Product-5,576.3281569356078,9,0.5,364.588380495839
2022-10-01 13:36:40.400801604,CUST-2,Home Office,South,Technology,Product-94,517.5410486968523,7,0.5,212.43586192469388
2023-12-04 04:54:20.921843688,CUST-13,Consumer,Central,Office Supplies,Product-96,300.5539349760404,5,0.2,216.77808122864957
2022-06-18 05:40:31.262525050,CUST-43,Home Office,East,Office Supplies,Product-8,932.4361822384882,8,0.1,109.7160973946545
2022-10-05 22:56:30.781563124,CUST-43,Corporate,West,Technology,Product-64,403.04489082481973,4,0.5,-26.60479161003163
2023-01-04 15:46:31.983967936,CUST-48,Home Office,Central,Technology,Product-10,96.22183912781378,2,0.1,-35.715305582155125
2023-11-16 15:34:59.398797592,CUST-11,Corporate,Central,Office Supplies,Product-38,620.8958509566232,6,0.2,140.50081486893887
2023-08-31 02:44:29.338677352,CUST-47,Home Office,West,Office Supplies,Product-96,122.7000095418354,9,0.0,-11.945579856242965
2023-11-19 13:48:12.985971944,CUST-23,Home Office,South,Office Supplies,Product-92,351.7709113736752,1,0.0,223.08112999306263
2022-08-23 01:38:06.973947896,CUST-16,Home Office,West,Office Supplies,Product-81,512.3378193306307,7,0.5,346.43785253784586
2023-01-09 01:06:22.364729456,CUST-31,Consumer,West,Office Supplies,Product-95,875.4802994383241,9,0.2,347.311667433425
2023-04-17 01:29:27.535070136,CUST-11,Consumer,East,Furniture,Product-8,498.6111145367175,9,0.1,246.57043455950458
2022-07-05 18:59:52.785571142,CUST-16,Corporate,East,Technology,Product-25,705.2361783713476,3,0.5,45.05432416281896
2022-01-25 20:52:25.490981963,CUST-8,Corporate,South,Furniture,Product-73,992.8886706090797,5,0.2,338.34857411149244
2023-02-14 14:51:42.204408816,CUST-4,Consumer,Central,Office Supplies,Product-66,140.17422869900182,8,0.2,348.7420458909437
2023-12-17 08:53:52.064128256,CUST-40,Corporate,West,Office Supplies,Product-79,281.9842102643243,8,0.1,38.494113228831424
2022-11-21 18:28:08.176352704,CUST-4,Consumer,South,Office Supplies,Product-50,400.63031484166993,4,0.5,281.84173859680476
2022-03-19 12:50:30.060120240,CUST-25,Home Office,East,Furniture,Product-67,427.6098967534431,1,0.2,78.93379701720534
2022-03-25 09:16:57.234468938,CUST-3,Corporate,West,Furniture,Product-49,416.9108645128903,1,0.2,311.18814055881836
2023-04-17 01:29:27.535070136,CUST-32,Corporate,Central,Office Supplies,Product-36,908.5348925309894,4,0.2,398.75705495662123
2023-06-10 04:34:08.897795592,CUST-3,Consumer,East,Furniture,Product-68,716.8923180221879,6,0.1,-36.48829760177323
2022-09-11 02:04:05.290581160,CUST-27,Corporate,East,Furniture,Product-78,611.8261619497968,8,0.5,353.81463960591935
2023-02-13 03:45:05.410821640,CUST-29,Corporate,East,Office Supplies,Product-41,316.2789906841543,6,0.5,230.18374011939613
2022-06-15 07:27:17.675350700,CUST-32,Home Office,South,Furniture,Product-89,825.5524803790818,9,0.5,388.0221786241695
2023-02-24 20:37:59.759519040,CUST-19,Corporate,Central,Technology,Product-62,955.5099063701391,9,0.5,159.2542828868924
2023-09-22 01:23:41.242484968,CUST-21,Home Office,West,Technology,Product-10,822.9862997247243,2,0.0,331.3245687571182
2023-05-14 20:35:06.613226448,CUST-5,Consumer,South,Technology,Product-21,11.549454139558176,1,0.0,-21.922669130775247
2022-08-08 10:31:59.038076152,CUST-18,Corporate,South,Technology,Product-36,640.0373564815729,2,0.5,100.87557253523309
